知识名称,问题,答案
强脑假肢产品,浙江强脑科技主要做什么产品？,聚焦脑机接口与智能假肢、康复辅具，代表方向包括智能仿生手等上肢辅具。
强脑假肢产品,仿生手靠什么识别动作？,主要通过前臂残肢表面采集的肌电等生物电信号，经算法识别运动意图后驱动手指动作。
强脑假肢产品,什么是接受腔？,容纳残肢并与仿生手或连接件相连的定制承托结构，由假肢师根据残肢外形制作。
强脑假肢产品,首次佩戴为什么要校准？,为建立个人肌电模板与灵敏度曲线，减少误触发，提升抓握稳定性。
强脑假肢产品,电池续航受哪些因素影响？,与训练强度、环境温度、电机负载及灵敏度设置等相关，具体以说明书为准。
强脑假肢产品,电极区皮肤不适怎么办？,暂停佩戴并清洁电极接触区；若红肿持续应就医并联系官方售后指导。
强脑假肢产品,能否自行拆开维修？,不建议。非授权拆机可能影响防水与标定，并导致保修条款失效。
强脑假肢产品,固件升级一般怎么做？,按官方 App 或桌面工具指引连接设备后在线升级，升级中勿断电。
强脑假肢产品,智能仿生手适合所有截肢者吗？,需经残肢评估与肌电可引出性检查，儿童与老人还需综合认知与发育因素。
强脑假肢产品,精细动作要练多久？,因人而异，通常分静态抓握、日常物品到精细捏取等阶段逐步训练。
强脑假肢产品,哪里查询上肢假肢补贴政策？,可向当地残联、医保或民政窗口咨询，企业客服也可提供公开渠道指引。
强脑假肢产品,低电量时通常有什么提示？,常见为指示灯或 App 提示，应在安全环境下及时充电，避免过放。
强脑假肢产品,雨天能戴吗？,涉水与防护等级以产品注册资料与说明书为准，大雨或浸泡场景应谨慎。
强脑假肢产品,BrainCo 与浙江强脑是什么关系？,BrainCo（强脑科技）为品牌与研发体系，浙江强脑为其在浙江的重要经营主体之一。
强脑假肢产品,保修需要准备什么？,一般需购机凭证、序列号并走授权服务网点或返厂流程，细则以合同为准。
强脑假肢产品,仿生手能弹钢琴吗？,公开报道有个体经长期训练完成演奏的案例，效果因训练与残肢条件差异较大。
强脑假肢产品,清洁电极有什么注意？,按说明书选用指定或无刺激清洁剂，避免腐蚀触点与皮肤过敏。
强脑假肢产品,灵敏度太高老误触怎么办？,可在配套软件中下调灵敏度或重新校准，必要时请假肢师复查接受腔贴合度。
强脑假肢产品,产品是否属于医疗器械？,若上市型号取得医疗器械注册，则销售与使用须遵守注册证载明的适用范围。
强脑假肢产品,如何联系官方客服？,通过强脑科技官网或微信公众号获取最新电话与体验中心信息，以免号码变更。
强脑假肢产品,训练分哪些阶段？,常见为静态抓握、日常生活动作再到精细捏取与双侧协调，由康复师分阶段安排。
强脑假肢产品,残肢感染期能戴吗？,感染未控制或皮肤大面积破损时不宜佩戴电子辅具，应遵医嘱。
强脑假肢产品,仿生手重量大概多少？,公开资料多在数百克量级，具体以官方规格表为准，佩戴需逐步适应。
强脑假肢产品,为什么要做残肢评估？,用于判断肌电质量、骨骼长度与皮肤耐受，决定接受腔方案与设备型号匹配。
强脑假肢产品,接受腔和主机谁负责制作？,接受腔通常由认证假肢技师制作；主机与算法由设备厂商提供并负责维保衔接。
强脑假肢产品,能否用仿生手写字？,部分用户经训练可完成简单书写，精细度个体差异大，不宜过度承诺。
强脑假肢产品,充电时能否开机使用？,以说明书为准，多数设备不建议边充边高强度使用以防过热。
强脑假肢产品,出国携带要注意什么？,锂电池与医疗设备携带需遵守航司与海关规定，建议随身携带说明书与证明。
强脑假肢产品,二手设备能享受保修吗？,通常以首次购机登记与过户政策为准，购买二手前应向官方核实保修转移规则。
强脑假肢产品,算法更新会改变手感吗？,新固件可能优化手势识别与防误触，升级后若不适应可联系售后回退或重校准。
强脑假肢产品,双侧截肢可以两只都装吗？,需分别评估双侧肌电与控制负荷，由康复团队制定方案。
强脑假肢产品,运动出汗会影响信号吗？,大量出汗可能导致电极阻抗变化，应清洁并适当紧固袖套或重新校准。
强脑假肢产品,冬季低温对电池有影响吗？,锂电池在低温下容量与放电能力可能下降，户外使用后回暖再充电更稳妥。
